Letra;Código de actividad;Descripción;2004_1;2004_2;2004_3;2004_4;2005_1;2005_2;2005_3;2005_4;2006_1;2006_2;2006_3;2006_4;2007_1;2007_2;2007_3;2007_4;2008_1;2008_2;2008_3;2008_4;2009_1;2009_2;2009_3;2009_4;2010_1;2010_2;2010_3;2010_4;2011_1;2011_2;2011_3;2011_4;2012_1;2012_2;2012_3;2012_4;2013_1;2013_2;2013_3;2013_4;2014_1;2014_2;2014_3;2014_4;2015_1;2015_2;2015_3;2015_4;2016_1;2016_2;2016_3;2016_4;2017_1;2017_2;2017_3;2017_4;2018_1;2018_2;2018_3;2018_4;2019_1;2019_2;2019_3;2019_4;2020_1;2020_2;2020_3;2020_4;2021_1;2021_2;2021_3;2021_4;2022_1;2022_2;2022_3;2022_4;2023_1;2023_2;2023_3;2023_4;2024_1;2024_2;2024_3;2024_4
PBG;;Producto Bruto Geográfico;5.019.148,70;5.154.953,80;5.104.783,40;6.265.112,50;5.560.048,70;5.948.209,30;5.902.442,60;7.115.199,00;6.333.537,90;6.609.787,10;6.664.931,40;8.136.353,50;6.911.174,60;7.131.219,40;7.219.649,50;8.808.214,20;7.217.576,20;7.467.565,00;7.492.864,90;8.560.453,10;7.229.559,40;7.586.963,70;7.701.738,40;8.973.188,30;7.518.520,50;8.004.903,20;8.085.614,30;9.270.367,10;8.223.852,50;8.872.073,60;8.847.350,10;10.069.943,50;8.576.469,10;9.031.897,70;8.961.228,60;10.271.946,80;8.836.673,20;9.348.523,90;9.432.823,60;10.739.403,80;8.911.499,10;9.409.843,70;9.415.221,60;10.618.420,90;9.070.914,20;9.970.391,60;10.004.453,00;10.984.124,50;9.109.333,20;9.845.964,80;9.846.158,70;10.946.946,70;9.515.872,10;10.088.548,20;10.373.075,30;11.687.103,30;9.928.735,80;10.849.643,40;10.602.194,70;11.361.060,00;9.699.748,50;10.838.335,90;10.956.521,70;11.804.795,50;9.349.370,10;9.624.983,10;10.230.181,30;11.349.618,50;9.319.505,60;10.152.700,30;10.546.634,40;11.869.998,50;10.231.594,00;11.021.967,50;11.197.857,80;11.977.874,30;10.251.955,50;11.108.629,20;11.171.425,20;11.835.722,10;9.457.345,80;10.505.691,30;10.985.459,80;12.203.108,60
A;;Agricultura, ganadería y silvicultura;655.715,40;806.784,50;554.538,00;1.446.270,30;659.656,30;851.067,70;645.366,10;1.520.352,90;798.376,70;991.645,40;729.401,10;1.870.784,30;838.649,30;980.234,60;792.934,60;2.085.608,70;764.595,00;1.006.154,80;759.568,10;1.724.113,60;808.273,60;1.116.862,40;904.350,60;1.939.846,70;780.300,20;1.191.677,30;1.043.964,70;1.829.126,80;921.643,70;1.379.704,40;1.069.576,00;2.002.388,00;854.754,40;1.295.238,30;997.805,20;1.989.786,50;887.209,70;1.262.196,60;986.084,30;2.012.520,80;933.786,70;1.508.082,60;1.213.668,20;2.059.775,80;979.379,00;1.696.939,10;1.422.511,10;2.220.889,10;938.756,90;1.687.884,00;1.481.573,40;2.181.028,60;942.197,80;1.615.717,60;1.398.218,80;2.173.214,90;1.074.175,20;2.043.916,20;1.768.296,90;2.437.107,10;1.175.108,40;2.349.826,50;2.143.059,30;2.808.782,00;1.143.357,10;2.311.267,20;2.099.134,90;2.705.527,20;969.018,70;1.652.922,60;1.370.882,80;2.122.242,90;1.036.255,20;1.923.501,00;1.717.107,70;2.502.529,40;901.818,00;1.675.438,30;1.579.128,30;2.238.261,00;990.674,50;1.712.765,40;1.566.948,90;2.293.303,90
A;011.1;Cultivo de cereales, oleaginosas y forrajeras;205.750,20;335.835,60;3.975,10;33,9;192.180,80;312.343,20;6.258,80;35,9;236.418,70;381.530,50;8.606,70;41,3;206.461,60;326.216,00;11.309,60;146,4;237.509,20;379.342,40;9.995,50;0;216.549,10;353.171,00;4.370,40;0;182.181,50;290.193,40;7.336,10;0;298.363,10;478.276,70;7.514,40;0;278.389,80;446.696,70;7.020,10;0;277.098,90;438.671,60;8.627,50;0;286.052,30;453.556,30;9.020,40;0;281.746,10;447.260,70;9.110,90;0;246.169,30;382.911,50;10.529,90;0;264.232,30;407.551,80;12.664,20;0;295.212,60;456.717,20;12.222,90;0;269.739,90;409.558,00;13.311,10;0;269.952,60;421.310,20;12.834,60;0;305.693,40;491.104,00;7.856,20;0;261.031,70;421.258,00;5.876,60;0;196.956,50;310.850,60;8.441,80;0;234.510,00;370.120,10;10.051,40;0
A;011.2;Cultivo de hortalizas, legumbres, flores y plantas ornamentales;14.418,20;35.211,00;69.052,70;83.193,40;23.355,50;44.140,40;93.760,20;123.695,30;28.973,10;53.061,00;99.521,10;132.709,40;33.805,20;59.142,60;113.627,90;144.723,10;30.163,50;53.358,00;105.975,90;136.341,70;25.923,60;50.231,20;109.350,10;134.912,20;37.323,20;67.908,70;134.677,00;176.917,00;36.598,90;69.400,80;140.536,20;184.954,80;33.487,10;64.864,00;137.551,10;180.101,80;29.947,80;66.810,20;129.072,90;167.978,20;25.203,70;62.436,40;129.406,30;166.066,00;27.731,80;69.085,40;139.154,00;181.865,70;30.520,50;77.466,20;150.578,40;199.340,40;31.393,60;86.896,20;170.445,10;217.772,70;34.250,80;90.828,90;166.642,00;212.210,00;35.747,40;97.681,00;175.749,20;227.921,60;26.792,20;84.221,90;176.471,80;225.454,00;25.113,50;79.607,30;176.761,00;217.944,80;22.714,60;74.508,40;175.378,20;212.571,60;19.918,40;73.780,70;180.859,60;221.665,70;18.955,70;69.606,80;168.603,00;211.813,90
A;011.3;Cultivo de frutas - excepto vid para vinificar - y nueces;55.630,30;42.292,50;61.950,80;71.070,00;52.028,60;39.769,00;64.090,80;70.255,40;51.120,20;41.275,00;64.052,20;70.601,30;66.041,70;52.023,20;76.181,40;85.535,80;60.152,80;54.521,40;79.253,90;79.457,30;68.532,10;67.172,00;90.211,90;82.537,20;86.987,90;78.960,50;114.444,40;106.323,40;87.502,80;80.324,50;118.266,20;110.361,40;24.349,70;17.669,00;34.358,20;35.855,70;79.982,60;74.039,50;105.277,10;97.957,80;85.639,90;79.994,40;113.461,20;104.678,80;88.394,90;83.147,40;120.050,10;110.592,90;95.147,40;87.550,20;129.576,10;121.030,00;89.720,80;81.302,70;123.879,90;116.764,30;86.977,70;78.213,70;122.252,40;115.761,10;104.225,80;92.926,70;147.671,70;139.099,50;99.666,20;90.267,90;146.707,80;135.154,70;93.978,70;84.503,80;139.679,60;127.848,60;85.202,80;77.223,50;127.438,00;116.088,90;94.264,50;84.856,70;139.159,20;126.298,90;127.741,30;114.992,50;188.579,80;171.152,40
A;011.4;Cultivos industriales, de especias y de plantas aromáticas y medicinales;47.996,60;49.403,50;16.119,50;5.139,10;46.063,90;47.796,00;15.604,60;5.047,00;51.540,30;53.294,90;18.848,10;5.963,40;56.419,40;58.131,80;21.343,50;6.500,10;42.033,10;41.711,10;21.113,10;6.392,80;40.320,10;39.633,70;21.042,00;6.424,60;48.219,20;47.715,90;22.530,90;6.973,10;34.968,30;34.632,20;19.168,00;5.943,50;37.766,30;37.381,00;19.884,70;6.194,40;33.473,50;32.952,70;21.158,20;6.552,20;38.704,90;37.919,90;22.797,00;7.121,30;32.475,50;31.367,90;23.683,10;7.571,50;28.977,40;27.749,50;20.151,90;6.868,90;34.351,70;33.083,80;22.502,50;7.433,60;36.012,90;34.803,50;22.843,70;7.564,30;34.237,90;32.928,30;23.993,00;7.829,70;42.528,40;41.122,70;26.961,30;8.524,00;41.226,80;39.860,00;28.421,20;8.730,00;37.417,40;35.970,00;26.171,40;8.337,60;40.960,30;39.603,80;26.536,40;8.376,80;62.832,60;60.751,70;40.706,60;12.849,90
A;12;Cría de animales;272.765,20;127.140,50;186.538,50;1.122.514,70;269.250,10;125.502,00;184.134,60;1.108.048,70;348.493,90;162.438,90;238.327,80;1.434.162,00;393.783,50;183.549,10;269.300,40;1.620.542,80;303.118,20;141.288,50;207.296,30;1.247.426,90;333.950,20;155.659,80;228.381,70;1.374.310,30;266.701,70;124.314,20;182.391,80;1.097.561,30;307.770,60;143.457,10;210.477,90;1.266.572,80;323.120,90;150.612,10;220.975,70;1.329.744,10;331.672,90;154.598,40;226.824,30;1.364.938,50;297.606,90;138.719,60;203.527,20;1.224.746,00;295.897,50;137.922,80;202.358,20;1.217.711,40;268.781,50;125.283,60;183.814,10;1.106.120,30;283.997,50;132.376,00;194.220,00;1.168.738,90;280.043,10;130.532,80;191.515,70;1.152.465,60;301.253,90;140.419,50;206.021,30;1.239.754,70;283.863,90;132.313,80;194.128,70;1.168.189,40;276.986,50;129.108,10;189.425,30;1.139.886,50;310.900,00;144.915,80;212.618,10;1.279.451,50;265.356,70;123.687,20;181.472,00;1.092.026,20;283.399,40;132.097,30;193.811,00;1.166.277,80
A;20;Silvicultura;59.154,90;216.901,40;216.901,40;164.319,30;76.777,40;281.517,10;281.517,10;213.270,50;81.830,50;300.045,20;300.045,20;227.307,00;82.137,80;301.171,90;301.171,90;228.160,50;91.618,20;335.933,40;335.933,40;254.495,00;122.998,50;450.994,60;450.994,60;341.662,60;158.886,70;582.584,60;582.584,60;441.351,90;156.440,00;573.613,20;573.613,20;434.555,50;157.640,60;578.015,50;578.015,50;437.890,50;135.033,90;495.124,20;495.124,20;375.094,10;200.578,90;735.456,00;735.456,00;557.163,70;253.133,10;928.154,80;928.154,80;703.147,60;269.160,80;986.923,10;986.923,10;747.669,00;238.501,90;874.507,10;874.507,10;662.505,40;341.678,20;1.252.820,10;1.252.820,10;949.106,20;429.903,50;1.576.312,90;1.576.312,90;1.194.176,50;420.553,80;1.542.030,70;1.542.030,70;1.168.205,00;226.019,80;828.739,40;828.739,40;627.832,90;318.988,70;1.169.625,40;1.169.625,40;886.079,80;284.361,60;1.042.659,30;1.042.659,30;789.893,40;263.235,60;965.197,00;965.197,00;731.209,90
B;;Pesca;3.464,20;3.069,50;3.835,40;3.343,10;1.865,40;1.652,80;2.065,30;1.800,10;2.823,90;2.502,10;3.126,40;2.725,10;1.186,20;1.051,00;1.313,30;1.144,70;120,8;107;133,7;116,6;707,9;627,3;783,8;683,2;409,6;362,9;453,5;395,3;683,2;605,4;756,4;659,3;1.287,00;1.140,30;1.424,90;1.242,00;1.238,50;1.097,40;1.371,20;1.195,20;706,3;625,8;782;681,6;1.546,10;1.369,90;1.711,80;1.492,00;462,8;410,1;512,4;446,6;2.120,10;1.878,50;2.347,30;2.045,90;3.089,10;2.737,00;3.420,00;2.981,00;850,4;753,5;941,5;820,6;238,7;211,5;264,3;230,4;842;746,1;932,2;812,6;336,5;298,2;372,5;324,7;328,3;290,9;363,5;316,8;290,3;257,3;321,5;280,2
C;;Explotación de minas y canteras;11.239,60;10.409,50;11.021,60;11.232,10;13.829,60;14.911,90;16.178,90;16.130,50;15.729,20;14.846,80;15.547,50;15.013,80;15.470,30;16.421,00;16.000,60;16.878,80;18.957,80;19.398,60;20.029,20;18.041,30;16.530,80;16.247,80;18.642,70;19.241,60;21.452,90;23.022,50;24.235,80;23.459,40;23.151,90;22.810,50;23.532,80;23.227,40;24.096,40;24.969,70;26.734,90;26.907,80;28.319,00;30.051,80;30.530,90;28.415,60;26.369,90;25.354,20;25.114,10;24.799,30;25.892,70;26.677,70;27.654,50;25.326,80;22.894,70;21.657,50;22.147,60;21.758,70;23.587,40;23.989,80;25.879,40;24.499,90;23.218,90;21.493,80;21.024,10;18.641,50;19.046,50;19.369,10;20.894,00;20.070,40;20.550,70;18.680,50;22.793,10;22.678,20;21.663,00;20.493,20;22.022,30;22.043,30;23.993,00;24.138,00;25.786,00;25.346,70;21.901,30;20.463,00;20.619,00;20.040,70;23.711,70;21.822,10;22.047,20;21.636,80
D;;Industria manufacturera;547.257,70;543.092,80;585.931,70;621.575,30;617.487,00;642.229,70;610.142,70;688.623,80;646.621,10;691.892,10;709.241,10;748.179,10;704.100,20;719.049,70;755.350,20;751.618,50;742.606,70;765.530,90;781.815,20;765.515,40;738.057,00;763.506,10;839.488,00;856.517,10;761.246,00;753.609,50;779.640,20;791.619,60;731.270,70;769.028,40;848.341,90;880.765,80;773.856,00;840.928,50;912.420,90;909.554,70;801.146,00;850.984,40;926.119,50;984.353,00;826.106,80;846.346,70;915.831,00;916.141,60;813.913,30;898.514,80;902.262,30;915.265,90;791.244,40;817.267,00;842.092,00;838.699,90;801.115,80;799.997,30;889.394,60;925.996,50;753.570,30;762.268,90;794.893,20;796.916,80;820.011,70;827.812,00;889.405,10;894.744,00;761.441,70;713.249,50;826.709,90;916.465,10;928.195,40;896.776,40;949.329,20;977.488,70;916.624,60;881.820,40;1.019.159,00;909.508,60;912.846,10;922.923,00;951.988,30;882.867,60;809.653,40;817.024,30;885.850,90;921.828,30
D;15;Elaboración de productos alimenticios y bebidas;213.832,00;193.779,40;211.106,40;246.326,20;253.917,40;250.035,20;232.963,50;300.760,40;263.717,90;281.143,40;274.698,60;332.925,80;306.710,90;287.834,00;312.748,70;302.817,60;320.367,70;326.584,70;359.632,20;371.835,30;377.747,00;391.347,80;432.681,40;440.600,70;368.877,50;335.794,10;341.873,70;353.058,50;313.649,10;327.643,70;403.434,00;439.203,50;367.858,20;394.091,80;453.878,40;457.737,50;391.469,90;397.311,80;462.747,80;526.875,30;414.000,70;412.047,10;459.853,30;465.474,50;403.879,60;445.749,70;439.960,80;447.642,10;381.355,20;396.259,10;423.293,70;401.932,20;385.194,00;381.625,20;451.026,50;464.960,00;329.316,80;345.497,40;395.801,20;386.786,80;431.931,90;443.924,20;510.195,60;524.917,20;450.418,10;438.597,00;482.169,40;553.917,90;574.913,80;509.133,20;534.255,90;579.178,30;541.250,60;474.608,10;572.672,40;505.535,10;517.488,50;493.137,20;511.325,80;475.421,70;458.800,80;413.176,20;465.630,70;510.828,40
D;16;Elaboración de productos de tabaco;53.361,40;50.223,20;54.402,30;55.063,50;56.999,70;56.062,80;52.384,80;50.064,90;48.349,70;49.483,20;51.556,60;54.565,20;53.027,80;53.972,10;58.772,90;60.520,50;55.801,00;49.222,60;53.687,10;62.200,70;57.436,10;50.489,70;56.051,80;63.558,00;50.991,10;51.415,20;54.200,60;57.443,40;48.945,00;50.254,50;50.743,50;55.475,20;52.473,90;52.029,00;55.069,00;56.639,40;52.062,80;50.067,40;51.239,60;56.167,50;51.745,70;54.584,90;56.320,40;62.405,00;59.186,90;55.419,10;57.953,00;63.263,90;55.290,40;44.493,70;42.548,40;69.491,50;62.251,10;48.354,40;44.560,50;70.814,30;65.591,10;51.582,50;39.749,10;74.097,20;68.473,30;42.475,10;32.589,70;28.168,70;5.256,20;5.333,50;5.449,30;5.117,00;5.396,00;5.789,80;6.151,50;5.475,50;5.448,10;6.847,30;6.206,70;4.916,50;5.113,30;5.121,30;3.951,10;3.077,50;5.113,30;5.121,30;3.951,10;3.077,50
D;17;Fabricación de productos textiles;86.911,60;95.255,10;104.905,00;100.953,10;96.437,40;110.786,10;91.420,60;93.047,10;92.071,30;103.984,70;111.269,90;92.213,90;92.017,50;107.973,00;105.186,70;99.990,30;97.748,00;103.606,70;90.824,90;72.888,50;73.036,50;81.347,70;95.649,30;94.366,40;97.328,90;109.115,70;112.567,20;103.725,60;111.005,70;104.358,70;98.352,00;96.823,00;90.008,30;118.030,60;118.860,20;112.177,40;103.573,30;120.483,00;114.339,00;109.590,70;105.456,60;112.458,10;115.626,30;100.943,80;94.379,10;104.549,70;105.651,10;111.001,30;95.212,00;103.293,20;95.792,90;88.865,00;92.299,00;96.022,60;98.034,10;94.751,00;96.417,80;93.023,70;83.620,60;77.522,20;79.278,30;91.849,50;86.133,70;92.632,30;84.669,50;66.732,60;88.997,10;96.150,30;99.295,40;103.096,90;102.989,80;98.025,30;97.791,80;106.467,30;110.745,40;101.913,40;105.221,90;113.234,70;116.147,30;105.214,00;95.539,60;88.339,30;95.864,40;92.586,70
D;18;"Fabricación de prendas de vestir; terminación y teñido de pieles";15.095,00;16.227,20;16.276,40;18.015,60;17.359,30;20.558,80;20.526,00;21.822,20;19.016,50;21.526,80;20.017,30;21.330,00;19.459,50;21.707,30;20.854,10;23.758,30;20.952,60;24.217,70;23.118,40;20.476,80;18.442,20;22.117,50;23.019,90;22.708,20;20.690,10;25.349,80;25.481,10;24.906,80;22.659,00;29.041,50;29.238,40;25.579,50;22.019,10;25.760,00;26.022,50;24.529,40;22.281,60;27.811,00;26.219,40;24.693,50;21.658,10;23.725,50;22.363,60;21.313,50;17.982,80;28.549,30;24.742,70;21.773,00;19.722,00;20.985,40;22.035,50;19.295,40;17.736,70;17.933,60;19.443,10;18.212,50;16.473,30;17.671,00;17.785,90;15.406,80;14.389,50;14.586,40;15.029,40;14.340,30;10.812,60;5.332,50;10.533,70;12.601,10;12.814,40;12.715,90;16.145,10;17.884,30;14.192,60;16.374,80;14.619,20;15.488,80;14.676,60;17.022,90;16.172,90;15.637,00;14.676,60;20.905,30;18.568,90;12.451,70
D;19;"Curtido y terminación de cueros; fabricación de artículos de marroquinería, talabartería y calzado y de sus partes";6.143,10;6.743,50;6.644,60;6.862,30;6.077,10;6.908,50;6.915,10;6.961,30;7.040,50;7.627,70;7.891,60;8.069,80;7.640,90;8.762,60;8.960,60;9.211,30;8.544,90;9.118,90;8.241,40;8.017,00;6.525,80;7.614,50;8.472,30;9.033,20;8.637,30;10.095,50;10.465,00;10.075,70;8.742,80;10.418,80;10.425,40;9.798,60;8.188,60;9.211,30;9.303,70;9.343,30;7.357,20;9.290,50;9.858,00;9.759,00;7.581,50;8.670,30;9.184,90;9.554,40;7.238,40;8.307,30;8.927,60;8.795,60;6.657,80;8.030,20;8.043,40;7.706,90;5.971,50;6.486,20;7.324,20;7.324,20;5.734,00;6.730,30;6.981,10;7.172,40;5.437,10;6.169,50;6.565,40;6.638,00;4.427,50;2.401,80;4.546,30;5.093,90;4.335,10;5.344,70;6.321,20;7.396,80;5.272,10;7.198,80;7.119,60;7.819,10;5.788,80;6.792,90;7.298,40;7.292,00;5.788,80;5.478,20;6.082,00;5.924,70
D;20;"Producción de madera y fabricación de productos de madera y corcho, excepto muebles; fabricación de artículos de paja y de materiales trenzables";97.038,90;102.426,00;109.172,40;106.445,40;105.069,70;107.888,80;112.996,10;117.124,60;122.454,70;127.860,10;138.963,30;130.743,40;126.202,30;129.846,30;134.804,90;132.569,80;132.326,50;133.157,70;124.429,00;114.830,80;113.553,40;111.792,80;114.611,80;111.639,30;112.560,90;111.133,50;114.970,10;116.944,70;116.926,70;121.457,00;123.359,40;121.911,80;121.585,70;124.248,40;126.873,90;119.939,50;116.508,50;123.941,80;129.749,10;123.712,20;119.583,30;123.444,90;135.384,60;135.221,90;125.657,20;136.636,30;140.441,00;142.235,30;133.957,20;137.068,90;136.843,10;134.821,00;135.918,10;134.717,50;142.225,10;139.518,40;131.423,80;132.891,00;135.803,10;128.250,20;126.206,30;126.239,40;131.243,10;125.264,10;123.621,60;120.892,90;132.657,10;134.466,60;135.076,70;154.105,80;162.769,90;156.060,70;158.125,40;159.555,90;180.530,20;159.194,50;159.225,30;162.096,40;165.585,60;155.525,00;131.235,40;181.777,00;185.152,10;199.357,00
D;22;"Edición e impresión; reproducción de grabaciones";7.496,80;7.641,40;8.091,40;8.919,00;7.858,40;8.573,50;8.292,30;10.084,10;8.718,10;9.224,30;10.092,10;11.313,50;9.152,00;10.100,20;11.353,60;13.290,10;11.080,50;11.409,90;12.309,80;12.583,00;9.569,80;10.333,20;11.305,40;12.727,70;9.810,90;11.088,50;13.008,90;13.547,20;10.743,00;12.663,40;16.014,00;14.680,20;11.112,60;11.474,20;13.217,80;13.949,00;10.140,30;10.678,70;16.255,10;13.145,50;10.437,60;10.847,40;11.249,20;10.823,30;10.076,10;11.329,50;11.474,20;6.154,90;10.670,70;10.871,50;9.618,10;5.528,20;10.108,20;10.767,10;10.268,90;5.857,60;10.317,10;10.807,30;9.071,70;5.013,90;9.626,10;10.429,60;8.822,60;5.214,80;8.814,50;9.618,10;8.412,80;5.126,40;9.232,40;9.883,20;8.999,40;5.263,00;9.939,50;10.831,40;10.035,90;5.134,50;9.856,50;10.485,70;9.508,80;4.835,10;8.841,20;9.877,80;8.724,10;4.052,20
D;24;Fabricación de sustancias y productos químicos;5.836,80;6.000,10;6.128,00;6.399,70;6.028,70;6.266,80;6.595,90;6.637,40;6.662,70;7.175,40;7.132,10;7.378,40;6.960,10;7.665,20;7.347,50;7.973,90;7.781,40;7.719,00;7.894,40;7.825,80;7.580,40;7.927,60;7.505,80;7.707,90;7.645,50;7.768,30;7.483,60;7.954,80;7.880,90;8.041,60;8.362,60;8.773,70;8.181,30;7.952,00;8.084,20;8.664,10;8.169,10;8.241,90;8.141,30;8.474,50;8.075,50;8.322,00;8.128,10;8.702,10;8.455,10;8.734,20;8.703,60;8.959,40;8.802,40;8.628,20;8.965,70;9.878,80;10.021,60;9.979,30;9.894,00;10.483,00;10.164,60;9.675,30;9.604,90;10.109,90;10.067,80;9.926,70;9.283,30;10.268,00;10.518,50;10.311,80;10.808,20;11.427,70;10.976,60;11.216,90;11.715,40;12.648,00;12.440,70;12.699,50;15.574,30;16.896,80;17.322,20;16.052,00;15.975,90;16.035,60;15.482,20;16.623,10;16.074,60;17.714,20
D;25;Fabricación de productos de caucho y plástico;869,4;856,7;931,5;945,9;891,9;899,1;940,5;973,9;956,7;942,3;990,1;1.011,70;1.030,60;1.039,60;1.067,60;1.114,40;998,2;1.000,90;940,5;957,6;901,8;945,9;942,3;1.024,30;1.110,80;1.074,80;1.091,90;1.178,40;1.184,70;1.189,20;1.149,50;1.199,10;1.158,50;1.146,80;1.163,00;1.247,70;1.162,10;1.205,40;1.188,30;1.202,70;1.118,00;1.126,10;1.136,90;1.178,40;1.102,70;1.236,00;1.254,90;1.285,60;1.080,20;1.047,70;1.066,70;1.116,20;1.043,20;1.079,30;1.124,30;1.140,50;1.013,50;1.024,30;955,8;945,9;888,3;913,5;915,3;961,2;811,7;686,5;888,3;1.026,10;971,2;958,5;1.013,50;1.069,40;994,6;1.054,90;1.051,30;1.058,50;1.030,00;1.056,60;1.073,20;1.055,20;1.078,30;1.487,10;1.547,90;677,4
D;26;Fabricación de productos minerales no metálicos;11.991,10;12.184,10;13.252,00;14.036,80;13.071,90;14.860,20;15.979,60;16.404,10;16.159,70;18.051,00;19.672,10;19.054,50;17.845,10;19.543,40;20.058,10;21.048,80;19.144,60;20.585,60;21.177,40;19.260,40;16.378,40;17.227,60;19.003,10;18.913,00;17.523,50;19.131,70;20.585,60;21.962,30;19.414,80;21.241,80;22.489,80;22.528,40;19.942,30;19.968,00;20.598,50;21.447,60;19.517,70;21.640,60;23.467,60;23.917,90;19.813,60;20.289,70;22.000,90;22.412,60;20.302,50;21.897,90;22.515,50;22.618,40;19.813,60;20.045,20;21.164,60;20.778,60;19.389,10;21.344,70;22.978,70;23.519,00;21.576,30;22.052,30;22.579,80;21.138,80;19.067,40;20.637,10;21.807,90;19.993,80;14.963,20;11.347,80;21.113,10;23.004,40;21.163,60;23.697,30;31.897,90;24.891,50;18.682,60;27.982,10;31.991,90;24.579,20;22.188,70;33.480,80;35.507,60;33.448,90;24.650,20;22.770,70;24.455,40;18.288,30
D;27;Fabricación de metales comunes;4.608,80;4.851,60;4.537,40;5.046,80;4.832,60;4.884,90;4.642,10;5.027,80;4.846,80;5.089,70;5.332,50;5.265,80;4.613,50;5.061,10;5.118,20;5.518,20;5.461,00;5.980,00;5.756,20;5.013,50;3.828,00;4.018,40;4.756,40;5.184,90;4.799,20;5.618,20;6.027,60;5.480,10;5.527,70;5.694,30;6.184,70;5.603,90;4.889,70;5.713,40;5.727,70;5.361,00;5.308,70;5.861,00;5.551,50;5.827,60;5.403,90;5.870,50;5.351,50;5.651,50;4.884,90;4.951,60;4.699,20;5.070,60;4.332,60;4.770,70;4.232,70;4.594,50;4.551,70;5.384,90;5.565,80;5.189,60;5.618,20;5.465,80;5.565,80;4.942,10;4.504,00;5.403,90;5.127,80;4.794,50;3.818,40;2.447,20;3.651,80;4.546,90;4.713,50;4.837,30;5.018,20;5.046,80;4.880,20;4.865,90;5.375,30;5.303,90;5.252,60;5.515,30;4.925,40;4.667,70;5.252,60;5.515,30;4.925,40;4.667,70
D;28;Fabricación de productos elaborados de metal, excepto maquinaria y equipo;12.560,70;12.974,10;14.703,50;15.508,10;16.460,00;16.577,80;17.148,30;18.220,90;18.121,30;18.260,40;18.396,50;19.018,40;17.830,10;19.489,80;20.373,20;21.878,70;21.380,90;22.847,60;23.806,50;22.188,60;17.726,70;19.167,40;21.975,90;22.990,10;20.195,50;20.682,40;23.317,80;24.302,10;21.919,90;24.128,40;25.674,20;26.512,80;23.422,60;24.179,80;24.900,40;27.227,10;23.749,80;25.512,10;25.819,30;26.483,00;23.151,10;23.420,00;24.104,20;24.450,00;21.694,80;24.302,60;26.296,40;26.639,10;22.091,90;23.217,60;22.742,30;23.935,10;23.737,70;25.220,50;26.276,60;28.465,30;25.537,50;26.650,00;25.215,90;26.735,00;22.738,40;24.503,50;24.603,20;24.260,10;20.453,70;18.880,40;20.555,60;24.578,90;23.274,80;25.592,70;25.846,50;23.209,00;21.317,00;19.805,50;24.041,00;23.030,50;21.214,80;24.047,40;26.637,20;25.136,30;14.962,60;15.087,30;18.056,20;16.335,00
D;29;Fabricación de maquinaria y equipo n.c.p.;1.288,50;1.450,90;1.678,30;1.769,50;1.362,70;1.650,40;1.797,40;1.958,20;1.655,10;1.945,90;2.210,40;2.419,20;1.908,70;2.385,20;2.547,60;2.833,70;2.029,40;2.525,90;2.822,90;2.957,50;1.622,60;1.964,40;2.012,40;2.606,40;1.843,80;2.530,60;2.999,20;3.717,00;2.723,90;3.288,50;3.483,40;3.727,80;2.451,70;2.696,10;3.075,00;3.686,00;2.323,30;3.054,90;3.177,10;3.519,00;1.914,90;2.496,50;2.928,10;3.248,30;2.054,10;2.575,40;2.723,90;3.460,20;2.105,20;2.645,00;2.846,10;3.406,00;2.074,30;3.089,00;3.396,80;3.918,00;2.216,60;2.671,30;2.595,50;2.542,90;1.495,80;2.261,40;2.416,10;2.626,50;1.514,30;1.724,70;2.587,80;3.381,30;2.128,40;3.047,20;3.443,20;3.819,00;2.461,00;3.695,30;3.938,10;3.774,20;2.576,00;3.582,40;3.630,00;3.294,20;2.810,10;3.428,80;3.685,80;3.019,60
D;31;Fabricación de maquinaria y aparatos eléctricos  n.c.p.;812,5;983,2;1.021,60;1.019,70;925,7;1.050,40;1.043,70;1.078,20;971,7;1.081,10;1.123,30;1.090,70;1.142,50;1.241,30;1.351,60;1.392,80;1.188,50;1.497,40;1.335,30;1.240,30;1.024,50;1.134,80;1.106,00;1.140,50;1.008,20;1.151,10;1.129,00;1.220,20;974,6;1.231,70;1.184,70;1.240,30;922,8;975,6;1.014,90;1.181,80;909,4;1.112,70;1.060,00;1.135,70;946,8;1.130,00;1.070,50;1.240,30;916,1;1.277,70;1.114,60;1.311,30;944,9;973,6;928,5;1.250,90;937,2;1.029,30;938,1;1.177,00;861,4;921,8;856,6;1.094,50;752;849,9;806,7;852,8;542,9;391,4;607,2;861,4;611;603,4;651,3;878,7;657,1;734,8;823;967,9;692,4;741,7;758,3;784,9;692,4;741,7;758,3;784,9
D;33;"Fabricación de instrumentos médicos, ópticos y de precisión; fabricación de relojes";909,3;1.256,80;1.154,90;1.312,40;1.116,60;1.512,80;1.349,50;1.619,30;1.285,70;1.580,00;1.497,70;1.693,50;1.727,10;1.698,10;1.957,60;1.981,90;1.630,90;2.134,80;2.007,40;2.158,00;1.751,40;1.961,00;2.063,00;1.793,10;1.680,70;2.052,60;1.954,10;1.944,80;1.487,30;1.880,00;1.825,50;1.742,10;1.526,70;1.763,00;1.933,20;1.979,60;1.500,00;1.838,30;1.710,90;1.546,40;1.317,00;1.586,90;1.582,30;1.402,70;1.419,00;1.800,00;1.656,40;1.767,60;1.101,60;1.363,40;1.574,20;1.270,70;1.129,40;1.427,10;1.642,50;1.346,00;1.147,90;1.430,50;1.636,70;1.299,60;1.137,50;1.369,10;1.624,00;1.306,60;1.026,30;1.118,90;1.485,00;1.178,00;1.088,80;1.409,70;1.628,60;1.240,60;1.101,60;1.339,00;1.530,20;1.195,40;1.142,50;1.308,70;1.538,50;1.226,10;1.142,50;1.308,70;1.538,50;1.226,10
D;34;Fabricación de vehículos automotores, remolques y semirremolques;2.669,80;3.356,70;3.457,10;3.473,30;3.207,60;3.952,80;4.254,20;4.027,30;3.667,70;4.422,60;4.928,10;4.976,70;4.092,20;5.122,50;5.232,60;5.501,60;4.425,90;5.582,60;6.217,60;4.649,40;3.385,80;4.247,70;4.711,00;4.928,10;5.346,00;6.224,10;6.178,70;5.718,60;6.065,30;7.429,40;6.923,90;5.955,20;6.045,90;5.760,80;6.457,40;5.955,20;6.337,50;7.163,70;6.992,00;5.767,20;5.605,20;5.459,40;5.057,70;4.736,90;4.296,30;4.821,20;5.372,00;4.263,90;2.883,60;4.114,80;4.409,70;4.659,20;3.094,20;4.516,60;4.921,60;4.911,90;3.544,60;4.837,40;5.012,30;4.374,00;2.818,80;3.677,40;3.836,20;3.538,10;2.342,50;1.231,20;3.463,60;3.959,30;3.074,80;4.030,60;4.545,80;4.759,60;3.188,20;4.788,80;5.433,50;5.018,80;3.651,10;4.963,00;5.473,10;4.904,30;4.433,40;4.379,10;4.507,20;4.615,80
D;35;Fabricación de equipo de transporte n.c.p.;3.488,90;3.795,00;4.143,10;5.346,60;4.604,40;5.409,50;5.090,80;5.145,30;5.791,10;4.658,90;4.155,70;5.145,30;4.365,30;4.658,90;5.434,70;5.241,80;3.979,50;4.549,80;4.503,70;5.875,00;3.937,60;3.396,70;3.488,90;4.587,60;4.092,80;4.516,30;4.344,40;5.845,60;4.524,70;3.929,20;4.138,90;5.120,10;3.526,70;2.889,30;3.241,50;3.681,80;3.103,10;3.459,60;3.891,50;6.776,50;2.797,00;2.461,50;3.031,80;3.472,10;2.998,30;2.381,90;4.356,90;3.996,30;2.264,40;2.004,40;3.153,40;3.857,90;2.595,70;2.537,00;3.807,60;4.507,90;2.843,10;2.138,60;2.230,90;2.528,60;1.392,20;1.232,90;1.824,10;2.042,20;1.153,20;398,4;1.111,30;1.635,40;1.010,60;1.052,50;2.038,00;2.750,90;1.631,20;1.547,40;2.402,80;2.692,20;1.741,00;1.573,00;2.363,30;2.968,70;1.741,00;1.573,00;2.363,30;2.968,70
D;36;"Fabricación de muebles y colchones; industrias manufactureras n.c.p.";20.811,50;21.287,90;22.370,70;22.175,80;19.685,40;22.435,70;23.800,00;25.662,50;23.388,60;25.835,70;27.113,40;27.611,50;26.398,80;28.499,40;29.712,10;32.094,30;25.402,60;30.946,50;30.296,90;27.568,20;21.872,60;24.081,60;27.741,40;28.217,90;25.207,70;26.182,20;28.954,20;29.387,30;24.471,40;31.899,40;31.834,40;31.314,70;26.117,20;30.123,60;29.907,00;31.314,70;23.410,20;29.235,70;31.596,20;32.180,90;23.237,00;25.489,20;28.347,80;30.968,20;25.186,00;31.033,20;31.206,40;32.094,30;20.833,20;24.731,20;29.863,70;33.502,00;20.984,70;25.684,10;32.852,30;36.966,90;21.612,80;24.449,70;26.940,20;24.363,10;17.887,90;18.819,10;23.821,70;24.384,70;14.487,90;13.794,90;25.056,10;25.814,00;16.112,10;17.606,40;20.963,10;25.099,40;15.159,30;18.580,90;21.959,30;22.175,80;16.501,90;19.903,80;21.118,80;19.690,50;15.250,00;16.626,90;20.968,00;20.599,30
D;38;Reparación, mantenimiento e instalación de maquinas y equipos;1.531,70;1.799,70;1.955,40;1.955,40;1.580,60;1.915,60;2.002,50;2.004,30;1.745,40;1.998,90;2.199,80;2.351,90;1.975,30;2.449,70;2.467,80;2.880,60;2.362,80;2.842,60;2.813,60;2.989,20;1.736,30;2.390,00;2.390,00;2.790,10;1.895,70;2.685,10;3.007,40;3.206,50;2.424,40;3.237,30;3.523,40;3.575,90;2.424,40;2.915,00;3.092,50;3.492,60;2.261,40;3.074,30;3.116,00;3.577,70;2.263,20;2.916,80;3.108,70;2.942,20;2.203,50;2.962,10;3.211,90;2.933,10;2.125,60;2.723,10;2.969,30;2.810,00;2.078,50;2.799,10;3.114,20;2.933,10;2.160,00;2.748,40;2.886,00;2.592,70;1.919,20;2.543,80;2.759,30;2.540,20;1.788,80;2.007,90;2.616,30;2.578,30;2.006,10;2.654,30;2.934,90;2.791,90;2.091,20;2.842,60;3.108,70;2.813,60;2.162,40;2.807,50;2.997,00;2.653,10;2.162,40;2.807,50;2.997,00;2.653,10
E;;Electricidad, gas y agua;277.527,00;265.568,10;274.944,00;355.619,00;301.959,60;288.934,00;299.254,20;387.639,10;335.019,80;320.784,60;332.488,40;431.286,00;324.172,40;310.218,80;321.284,00;415.287,80;353.424,00;337.924,30;350.096,80;454.083,30;366.874,50;350.964,10;363.650,60;471.780,00;389.752,10;372.807,60;386.263,60;501.325,60;438.191,90;419.069,40;434.282,80;564.366,50;467.178,50;446.628,70;462.839,60;601.851,50;496.968,90;556.084,50;576.239,20;738.676,30;557.445,20;590.815,40;590.712,50;762.416,50;598.238,60;616.367,30;614.646,60;739.276,50;646.369,30;659.338,80;543.700,70;693.164,80;594.391,10;575.316,50;542.310,40;765.542,30;581.853,20;600.541,10;570.103,70;716.551,70;531.400,10;529.244,80;539.998,20;724.160,40;574.026,40;466.847,10;518.367,20;704.388,20;541.385,10;545.633,40;561.327,90;765.780,80;631.660,80;559.672,50;539.167,00;752.310,20;661.151,00;539.466,80;557.340,30;744.693,00;644.044,00;579.667,40;568.719,40;785.203,10
E;40;Generación captación y distribución de energía eléctrica;254.836,50;242.830,20;252.160,00;332.702,90;278.939,10;265.797,30;276.009,50;364.170,30;311.024,00;296.370,50;307.757,40;406.058,90;298.741,20;284.666,40;295.603,60;390.023,00;328.410,00;312.937,40;324.960,80;428.757,20;341.351,20;325.268,80;337.766,00;445.652,60;363.478,40;346.353,50;359.660,80;474.540,90;411.163,50;391.792,00;406.845,10;536.796,40;439.451,60;418.747,40;434.836,10;573.728,10;468.758,90;527.755,30;547.745,80;710.107,10;528.751,70;561.899,10;561.676,30;733.257,00;568.976,10;586.979,30;585.141,70;709.518,60;616.410,50;629.226,30;513.455,20;662.744,50;563.785,20;544.556,70;511.385,80;734.433,00;550.563,60;569.120,90;538.546,00;684.767,70;499.458,50;497.213,90;507.817,90;691.772,90;541.529,60;434.069,10;485.100,40;670.965,20;507.818,40;511.948,70;527.518,70;731.829,60;597.605,20;525.521,90;504.866,10;717.875,60;626.566,60;504.770,20;522.519,90;709.759,10;609.023,10;544.599,00;533.581,10;749.976,80
E;41;Captación, depuración y distribución de agua;22.690,50;22.738,00;22.784,00;22.916,10;23.020,50;23.136,80;23.244,70;23.468,80;23.995,70;24.414,10;24.731,00;25.227,10;25.431,20;25.552,40;25.680,40;25.264,80;25.013,90;24.986,90;25.136,00;25.326,10;25.523,30;25.695,30;25.884,60;26.127,40;26.273,70;26.454,10;26.602,80;26.784,70;27.028,40;27.277,40;27.437,70;27.570,10;27.726,80;27.881,30;28.003,50;28.123,50;28.210,00;28.329,10;28.493,40;28.569,20;28.693,50;28.916,30;29.036,10;29.159,40;29.262,60;29.388,10;29.504,90;29.757,90;29.958,80;30.112,50;30.245,50;30.420,30;30.605,90;30.759,90;30.924,60;31.109,30;31.289,60;31.420,20;31.557,70;31.784,00;31.941,60;32.030,90;32.180,30;32.387,50;32.496,80;32.777,90;33.266,80;33.423,00;33.566,80;33.684,70;33.809,20;33.951,20;34.055,50;34.150,60;34.300,80;34.434,70;34.584,30;34.696,60;34.820,40;34.933,80;35.020,90;35.068,40;35.138,30;35.226,20
F;;Construcción;193.119,20;176.413,80;188.454,20;175.189,50;215.024,60;224.783,40;251.090,90;249.289,50;247.190,40;233.861,10;270.504,60;277.533,90;322.019,50;361.532,20;343.513,60;344.538,00;358.861,00;350.043,50;368.421,20;332.719,20;335.162,00;339.263,90;388.474,20;350.893,80;318.613,20;311.745,50;332.292,10;331.236,50;382.303,50;409.812,40;449.997,20;444.634,40;457.874,00;466.282,40;493.535,80;464.881,70;458.220,40;486.006,40;499.966,00;461.308,80;449.833,80;445.923,20;445.254,00;423.970,20;423.537,10;435.783,60;473.933,30;437.976,20;424.285,20;423.774,10;456.071,40;447.901,40;489.267,50;500.170,80;564.852,60;546.840,60;546.226,50;520.085,50;520.452,80;457.296,00;467.361,70;469.035,70;498.587,20;451.496,10;430.701,00;360.967,30;481.630,80;497.356,40;506.724,40;490.418,20;533.131,60;512.907,10;507.593,70;477.830,50;508.015,70;492.253,20;537.834,60;547.393,20;573.792,50;540.170,90;368.547,60;374.555,40;506.251,50;499.561,20
G;;Comercio mayorista y minorista;1.107.717,80;1.089.034,20;1.142.423,30;1.243.718,70;1.289.155,10;1.344.844,20;1.392.853,10;1.486.917,10;1.571.672,10;1.607.160,20;1.727.976,10;1.851.131,70;1.828.075,10;1.817.985,80;1.917.807,00;2.103.544,70;1.925.383,70;1.873.743,30;2.036.138,70;2.031.257,20;1.854.043,10;1.890.343,00;1.930.067,60;2.063.998,30;1.967.482,40;2.043.984,60;2.173.722,20;2.360.555,40;2.299.277,10;2.403.760,50;2.498.269,30;2.563.274,20;2.445.314,20;2.395.860,80;2.434.691,10;2.592.705,90;2.409.635,40;2.450.524,00;2.577.962,60;2.683.305,50;2.337.269,60;2.301.204,60;2.410.201,20;2.558.778,70;2.390.952,00;2.475.885,10;2.568.825,30;2.621.989,60;2.350.513,40;2.312.529,10;2.423.876,90;2.608.621,10;2.508.415,00;2.488.787,20;2.756.361,20;2.989.690,00;2.741.333,90;2.695.794,40;2.689.468,10;2.660.684,40;2.432.122,90;2.407.986,30;2.546.557,50;2.583.938,60;2.289.331,10;2.128.141,20;2.573.788,60;2.709.234,00;2.526.018,90;2.619.622,00;2.939.835,30;3.067.894,00;2.789.651,80;2.753.221,50;2.864.229,90;2.760.520,70;2.705.819,70;2.803.383,90;2.898.190,00;2.852.181,30;2.395.107,20;2.622.460,40;2.932.784,40;3.003.894,50
G;501;Venta de vehículos automotores, excepto motocicletas;26.361,30;23.736,80;25.780,40;22.472,40;32.348,50;29.806,00;31.583,00;25.862,40;43.994,80;37.037,10;43.085,80;33.510,40;48.451,00;40.194,70;48.013,60;41.322,40;54.492,80;48.314,30;49.216,50;39.702,60;49.483,00;42.416,00;46.810,70;41.021,70;49.038,80;58.525,30;62.236,50;60.835,40;82.309,90;80.129,70;87.675,20;71.121,60;93.259,10;79.952,00;82.351,00;68.948,20;83.594,90;82.863,60;86.110,00;81.817,80;82.877,20;68.052,80;76.302,30;66.104,90;71.798,20;75.031,00;84.141,60;74.456,90;71.579,50;70.991,70;80.587,60;68.859,30;84.169,00;79.002,00;95.569,20;92.274,90;102.882,30;86.855,00;86.103,20;64.204,90;69.611,10;59.557,30;72.338,20;57.841,80;56.078,50;38.151,10;69.330,90;58.771,30;61.860,60;53.084,90;67.137,00;65.592,30;61.812,80;59.946,90;68.565,40;55.559,00;64.806,40;64.861,00;74.983,20;63.548,80;50.057,10;60.671,40;83.553,90;76.056,20
G;502;Mantenimiento y reparación de vehículos automotores, excepto motocicletas;43.352,20;43.219,90;45.644,10;49.275,10;50.126,60;51.597,00;53.966,60;57.841,70;59.299,50;60.173,70;67.846,60;71.808,70;72.390,00;80.621,70;81.693,60;85.197,20;81.497,70;81.877,90;75.427,50;65.018,30;74.933,30;69.188,80;72.045,00;71.410,00;77.556,60;81.513,80;83.889,40;83.038,80;81.064,50;88.299,60;96.656,50;95.003,90;95.429,90;93.373,20;94.052,90;97.538,30;93.872,20;101.767,00;110.347,60;105.769,90;98.628,90;110.639,50;107.095,70;109.205,50;111.509,00;118.308,90;120.492,70;120.012,80;125.065,20;120.973,40;127.696,30;134.469,90;133.914,10;125.508,50;142.660,60;144.750,40;129.590,30;126.306,70;131.210,90;125.511,80;114.887,80;111.417,60;115.793,50;108.787,70;95.073,80;78.735,50;102.758,70;108.333,30;110.430,80;111.907,70;129.422,80;133.476,00;125.576,70;118.781,70;127.138,20;122.301,60;131.117,00;139.506,90;148.410,30;142.235,10;119.703,40;166.992,40;178.062,30;161.001,60
G;503;Venta al por mayor de partes, piezas y accesorios de vehículos automotores;17.358,20;17.305,20;18.275,90;19.729,70;20.070,70;20.659,40;21.608,20;23.159,80;23.964,50;24.325,40;26.279,40;26.251,70;27.169,20;27.954,10;28.274,30;30.097,10;31.386,00;30.741,30;32.390,80;31.255,30;28.108,80;27.192,00;30.738,50;30.080,50;30.223,50;30.805,40;34.440,10;34.438,80;35.686,00;38.039,30;39.662,10;40.661,40;38.072,10;37.194,80;37.361,00;40.186,50;38.543,90;41.366,10;44.302,00;41.982,70;39.931,40;38.261,90;40.975,70;39.938,40;39.483,90;42.268,40;43.469,80;39.820,90;40.353,40;36.453,70;37.564,00;38.936,50;38.400,40;35.889,70;41.350,30;40.421,50;40.128,80;39.140,70;38.791,40;39.454,10;35.985,70;37.390,20;39.113,70;40.686,30;34.753,30;30.035,00;41.439,40;40.830,60;42.773,00;44.483,70;50.669,20;54.856,10;53.300,00;55.129,60;59.629,10;55.283,30;57.541,00;55.817,50;59.484,30;56.427,10;49.520,20;54.949,90;60.554,50;54.911,10
G;504;Venta, mantenimiento y reparación de motocicletas y de sus partes, piezas y accesorios;6.570,50;6.158,90;5.953,10;6.285,50;8.644,60;8.929,60;11.130,30;10.481,20;27.730,20;23.691,60;29.836,80;25.244,40;30.715,20;34.230,10;50.711,80;43.967,10;55.825,70;60.686,30;79.352,90;72.386,60;67.795,10;59.926,30;60.227,20;51.709,20;69.109,20;96.958,80;120.866,00;129.478,90;158.800,90;156.964,30;155.523,50;138.566,80;162.505,70;144.250,70;137.822,70;139.817,60;145.216,50;143.870,70;147.781,40;141.100,00;129.368,10;100.980,20;104.305,10;90.562,40;95.423,00;99.903,60;110.622,30;105.302,50;104.146,80;93.475,60;97.813,70;98.431,20;126.565,70;117.699,50;139.738,40;153.560,30;162.664,00;143.934,10;112.965,50;90.689,10;97.797,90;81.189,50;76.534,70;59.023,90;65.657,70;45.376,20;88.836,70;73.795,70;78.213,00;71.974,90;89.913,30;96.309,60;92.224,80;92.478,10;93.713,10;80.397,90;95.913,80;95.169,70;100.536,90;91.654,90;79.210,40;98.288,70;122.813,40;123.589,20
G;505;Venta al por menor de combustibles y lubricantes para vehículos automotores y motocicletas;118.459,80;105.730,70;103.804,50;127.978,70;142.395,60;167.906,50;159.664,60;174.617,30;166.534,10;170.760,40;168.665,80;176.472,70;178.260,70;178.356,20;187.696,80;194.533,50;196.115,50;187.495,90;200.900,00;196.715,40;198.256,20;177.019,30;183.603,10;191.411,70;209.469,10;191.757,70;205.837,00;216.690,60;220.183,90;204.788,40;216.411,20;204.494,00;226.291,70;202.825,80;208.575,40;204.645,40;186.096,50;164.473,70;182.075,20;183.316,00;185.187,50;156.149,40;168.318,80;181.308,10;194.292,10;172.122,40;184.687,50;182.561,40;193.265,00;163.608,20;195.217,60;223.249,60;230.980,70;198.108,70;226.563,70;238.164,30;241.121,00;204.188,80;205.427,80;206.098,70;207.951,40;200.958,00;222.999,40;227.706,00;229.899,20;144.104,40;199.193,20;224.697,90;233.550,30;224.417,50;276.020,40;303.155,40;304.695,50;290.663,90;302.201,40;297.389,60;306.426,60;283.548,10;297.480,80;297.572,70;262.927,90;224.468,90;248.141,80;264.692,10
G;511;Venta al por mayor en comisión o consignación;18.690,40;18.633,30;19.678,50;21.243,90;21.611,00;22.245,00;23.266,60;24.937,20;30.600,70;31.414,50;33.288,40;34.106,90;43.246,10;43.940,80;33.438,20;36.167,10;33.765,80;35.552,00;37.876,20;37.450,30;35.482,30;39.565,40;36.020,60;41.501,30;44.020,70;47.181,10;44.677,10;51.224,50;48.008,30;55.069,10;51.284,20;48.806,50;49.187,60;58.092,20;49.112,60;48.137,10;45.468,30;54.021,00;47.512,60;52.843,10;46.252,60;51.464,90;50.146,30;49.094,70;45.181,70;51.931,20;49.875,80;49.995,90;50.556,70;50.669,10;48.466,00;51.186,20;46.820,80;48.840,30;52.839,80;51.635,30;48.825,50;53.164,10;48.114,60;48.052,40;47.598,60;51.537,30;47.670,20;50.381,10;48.251,90;51.523,30;52.650,80;50.101,10;56.142,60;60.300,70;58.310,10;57.600,50;60.618,20;66.624,50;58.826,00;51.601,30;51.346,80;58.609,70;54.221,00;57.717,60;54.077,60;63.548,30;65.317,40;57.888,30
G;512;Venta al por mayor de materias primas agropecuarias, de animales vivos, alimentos, bebidas y tabaco, excepto en comisión o consignación;143.581,30;143.143,10;151.172,20;163.197,70;166.018,00;170.887,80;178.736,10;191.570,00;194.234,20;196.830,90;194.365,90;225.639,80;200.034,90;178.096,10;195.856,30;242.741,10;192.268,10;193.030,50;201.855,50;204.613,50;181.890,70;200.868,40;179.457,20;235.898,10;174.212,00;174.247,00;196.734,10;199.133,50;182.861,00;181.363,20;174.270,50;197.427,60;178.407,50;154.838,40;160.689,90;188.595,10;172.239,30;151.804,20;166.526,70;182.761,80;152.017,70;134.513,90;161.223,30;185.734,80;188.834,90;175.090,30;185.588,40;183.465,30;168.924,30;179.852,40;199.623,60;218.915,80;206.433,20;195.100,80;230.393,90;245.005,70;226.015,20;211.090,80;214.722,80;227.090,10;197.127,90;201.104,10;202.264,30;211.496,70;193.563,20;199.588,10;239.765,50;228.948,90;198.088,20;207.029,80;253.183,90;258.822,50;242.287,70;231.493,90;282.603,10;268.997,80;263.542,10;301.485,40;297.591,30;297.487,50;229.974,30;231.721,30;246.109,40;274.540,60
G;513;Venta al por mayor de artículos de uso doméstico y/o personal;114.364,30;114.015,30;120.410,50;129.989,00;132.235,40;136.114,30;142.365,50;152.587,90;170.741,60;183.344,90;201.109,20;204.896,30;206.492,30;221.910,40;221.079,50;222.923,50;213.941,60;210.985,70;227.944,60;234.642,00;220.428,70;231.697,90;245.551,00;241.207,90;228.950,30;248.106,30;250.906,90;252.881,20;249.281,60;268.690,40;282.676,00;269.676,40;253.081,00;261.601,50;277.221,00;278.986,00;257.390,60;282.045,50;299.744,60;284.998,80;268.305,50;286.800,70;288.310,10;290.686,30;269.525,10;301.342,90;308.165,90;297.868,30;279.467,60;299.082,70;300.823,90;295.805,20;283.153,60;290.454,10;314.967,10;316.003,30;300.142,60;314.216,80;317.077,10;306.259,40;303.975,10;310.102,80;334.414,10;341.046,00;305.952,90;309.856,70;350.720,20;367.918,10;359.600,70;380.113,30;418.855,50;359.802,20;342.461,70;355.443,70;342.715,30;328.329,10;316.899,40;331.996,30;367.709,00;365.392,60;326.585,10;388.558,70;433.743,70;397.602,70
G;514;Venta al por mayor de productos intermedios, desperdicios y desechos no agropecuarios;58.394,50;58.216,30;61.481,70;66.372,50;67.519,50;69.500,00;72.691,90;77.911,50;81.715,40;90.824,40;99.121,70;100.333,60;94.965,50;99.325,50;107.483,70;107.678,20;92.318,30;118.582,00;148.534,00;116.297,20;82.523,50;98.322,70;108.665,80;107.082,50;130.241,00;151.661,90;167.282,70;178.352,00;178.211,10;220.944,40;238.680,90;236.307,20;222.965,70;186.476,70;216.029,80;219.341,10;204.432,00;223.732,50;244.503,30;250.056,10;209.994,60;219.120,30;252.264,30;241.578,50;206.002,00;228.488,70;224.704,90;196.770,50;155.983,90;162.422,30;171.522,50;172.876,20;159.157,30;174.053,20;190.847,50;207.054,70;174.302,90;213.037,00;240.828,70;231.311,80;196.256,10;177.184,90;211.520,10;197.091,10;159.603,80;153.332,80;202.011,00;217.071,60;209.716,40;261.593,00;286.016,90;293.532,10;273.333,90;274.887,90;293.828,40;247.617,60;216.193,50;215.420,70;229.173,50;204.011,40;161.467,50;188.414,70;208.189,30;175.487,80
G;515;Venta al por mayor de máquinas, equipo y materiales conexos;5.373,30;5.356,90;5.657,40;6.107,40;6.213,00;6.395,20;6.688,90;7.169,20;8.230,40;12.070,10;12.212,90;13.945,70;13.413,00;12.151,00;12.490,10;14.966,20;12.351,30;13.080,90;14.216,30;15.508,60;11.906,00;15.498,60;14.872,00;16.068,00;13.443,60;12.964,50;14.836,00;15.788,50;14.782,20;15.838,30;16.299,50;17.548,80;14.100,80;14.350,70;16.075,60;18.832,20;15.905,40;16.163,60;20.384,30;21.311,00;15.105,30;16.726,40;17.143,00;17.483,00;14.620,40;15.469,20;16.537,40;15.185,00;13.143,90;12.740,10;13.257,50;14.518,00;13.127,10;15.033,50;15.300,30;17.757,50;13.697,50;17.139,20;15.370,70;16.550,00;15.917,60;14.546,80;15.199,00;14.935,40;12.887,90;14.628,60;16.838,80;19.413,30;16.989,90;22.406,70;23.068,90;22.478,40;20.474,30;20.937,70;22.411,20;20.621,20;19.074,30;25.370,80;21.286,90;17.176,00;14.435,30;19.579,90;22.408,80;22.998,90
G;519;Venta al por mayor de mercancías n.c.p.;2.355,50;2.348,30;2.480,00;2.677,30;2.723,50;2.803,40;2.932,20;3.142,70;3.395,00;3.506,20;3.753,40;4.065,10;3.208,40;3.194,90;4.109,80;4.313,30;4.031,80;3.934,90;4.173,40;4.031,20;3.669,10;3.860,20;4.166,40;4.140,70;4.239,20;4.583,00;4.746,70;5.445,10;4.710,30;5.250,60;5.446,80;6.396,00;5.776,50;5.393,20;6.570,30;6.970,30;6.082,50;6.136,20;6.324,30;6.645,20;5.760,50;5.059,50;5.466,50;5.734,90;5.221,20;5.151,30;5.792,40;5.942,90;5.421,30;4.974,10;5.284,20;4.858,90;4.277,40;4.295,30;5.037,00;5.255,10;3.969,90;4.257,10;4.472,00;4.476,10;3.867,00;3.711,10;4.229,80;4.347,60;3.572,30;4.683,10;4.855,90;5.336,20;4.556,10;4.482,70;5.306,40;5.668,00;4.314,30;4.461,30;5.229,00;4.818,50;4.666,90;4.327,30;4.533,50;4.229,10;3.249,10;3.784,30;4.127,60;3.966,20
G;521;Venta al por menor excepto la especificada explícitamente;199.168,00;198.560,20;209.697,60;226.378,90;230.291,00;237.046,10;247.932,70;265.735,30;267.627,00;263.084,10;289.562,60;316.163,90;333.797,90;305.758,90;320.172,10;375.030,80;355.561,00;250.253,90;313.831,90;340.659,20;320.168,70;339.887,00;340.214,80;370.231,20;325.072,20;309.225,60;331.020,50;357.277,60;342.189,30;342.260,10;347.732,90;391.217,30;372.528,40;364.832,50;373.643,30;416.334,90;404.575,40;404.306,40;407.955,80;432.695,50;381.440,90;391.532,70;387.692,60;434.767,10;400.710,90;399.340,60;390.660,00;453.078,20;400.294,60;380.694,80;379.479,60;429.234,50;403.939,70;387.173,90;414.292,40;456.055,40;408.838,70;384.755,40;370.949,20;395.186,00;346.283,00;329.942,60;348.138,40;368.030,30;344.420,00;325.019,60;332.994,20;364.930,00;320.236,30;307.509,60;336.722,10;392.602,80;343.806,60;308.798,40;357.676,30;374.644,10;379.380,10;377.816,10;364.975,90;378.610,00;335.860,50;330.750,80;355.075,60;403.019,90
G;522;Venta al por menor de productos alimentarios, bebidas y tabaco en comercios especializados;82.702,80;82.450,50;87.075,20;94.001,90;95.626,40;98.431,40;102.952,00;110.344,40;110.643,00;110.534,50;113.305,40;120.590,10;114.729,20;124.472,70;124.834,40;145.169,90;127.896,90;130.968,60;137.466,50;144.772,10;134.333,50;128.620,50;135.472,20;147.916,10;134.245,10;132.756,50;135.634,70;146.769,00;144.918,30;159.859,50;167.873,20;182.514,30;170.026,40;166.852,70;182.601,30;190.674,20;177.754,10;178.028,20;189.902,00;210.794,90;201.363,40;185.808,60;201.494,10;223.749,40;213.972,10;209.337,10;230.779,10;245.748,30;214.335,40;193.825,00;204.920,80;222.851,70;214.819,90;218.952,00;229.946,00;260.665,10;238.175,90;226.884,80;254.794,30;250.231,40;221.638,00;220.550,60;242.994,20;267.406,60;221.284,20;210.904,60;227.771,90;247.447,50;206.458,20;213.407,90;234.753,80;249.084,70;213.127,50;201.709,30;205.174,40;213.554,60;209.190,60;228.509,50;222.918,70;233.901,90;197.822,90;216.279,20;237.238,90;262.958,20
G;523;Venta al por menor de productos n.c.p. excepto los usados, en comercios especializados;255.711,20;254.930,90;269.230,20;290.647,20;295.669,90;304.342,90;318.320,10;341.176,80;357.747,90;377.329,20;419.742,40;466.101,90;428.865,50;443.652,70;477.346,70;531.368,30;447.091,70;484.156,40;492.088,50;499.860,00;418.999,20;427.168,40;449.358,50;492.484,50;453.397,90;486.989,80;502.435,90;605.105,10;531.922,00;559.245,10;591.252,70;635.761,10;533.869,30;596.978,00;566.152,10;650.712,80;554.440,00;571.320,90;598.856,50;644.626,20;498.890,00;515.805,20;527.113,60;596.010,60;509.804,70;559.597,60;588.111,00;625.139,10;503.479,80;517.666,80;537.519,30;610.986,20;536.817,00;571.162,00;631.383,40;732.752,10;627.383,20;647.863,70;629.185,10;635.273,00;553.066,90;590.386,60;593.463,70;614.457,80;501.693,40;510.932,70;629.111,60;680.386,20;608.950,40;639.779,10;694.433,70;759.023,20;643.030,80;664.016,20;634.577,70;629.786,10;571.179,90;609.600,30;637.814,00;622.645,60;492.062,40;556.583,20;642.916,70;698.376,10
G;524;Venta al por menor de artículos usados excluidos automotores y motocicletas;1.618,90;1.614,00;1.704,50;1.840,10;1.871,90;1.926,80;2.015,30;2.160,00;3.369,20;2.861,90;3.588,00;5.369,30;5.350,80;4.765,80;5.071,10;5.010,80;4.600,40;5.386,00;5.144,80;5.528,90;5.218,00;4.638,20;3.679,60;3.653,40;3.312,70;3.083,70;2.669,30;3.534,90;3.157,40;3.226,60;3.494,60;3.579,10;4.255,60;4.337,00;5.429,70;4.026,90;3.540,30;6.764,20;4.288,10;8.635,80;2.445,90;2.746,20;2.473,30;2.708,20;4.646,50;3.830,50;4.036,70;2.835,90;4.527,20;2.240,70;1.454,50;1.260,00;3.151,20;2.169,50;2.250,10;2.347,50;3.388,60;1.695,40;1.367,70;1.129,60;2.558,70;1.371,10;911,4;612,6;975,3;809,4;769,6;2.080,40;2.594,40;2.992,60;2.434,70;5.320,20;1.198,10;1.098,50;789,6;977,1;2.123,60;1.166,70;1.929,00;1.046,00;2.807,10;3.623,80;2.209,10;2.032,70
G;526;Reparación de efectos personales y enseres domésticos;13.655,70;13.614,00;14.377,60;15.521,40;15.789,60;16.252,80;16.999,20;18.219,80;21.844,80;19.371,20;22.212,00;26.631,40;26.985,20;19.360,20;19.535,10;23.058,10;22.239,20;18.696,60;15.719,20;22.815,90;20.847,00;24.473,20;19.185,10;18.181,50;20.950,70;13.624,40;15.509,40;20.561,40;21.190,30;23.791,80;23.329,60;24.192,10;25.556,90;24.511,40;21.002,70;18.959,40;20.483,40;21.860,30;21.348,30;33.950,60;19.700,20;17.542,10;19.876,50;24.111,80;19.926,20;18.671,40;21.159,80;23.805,80;19.968,80;22.858,70;22.646,00;22.181,60;22.687,80;25.344,20;23.221,50;25.986,90;20.207,80;21.264,90;18.087,40;19.165,90;17.600,20;17.035,70;18.972,80;20.087,60;15.663,60;10.460,10;14.740,20;19.171,90;15.857,90;14.137,90;13.586,60;10.569,80;7.389,00;6.749,90;9.151,50;8.642,00;16.417,50;10.177,80;15.141,60;18.524,90;15.346,40;14.245,00;22.322,20;24.773,10
H;;Hotelería y restaurantes;126.119,10;113.415,70;121.248,40;139.340,40;140.610,50;126.733,10;140.840,70;159.647,30;156.323,40;154.363,30;185.172,70;212.766,90;207.559,80;194.095,70;203.045,80;197.600,60;213.938,80;186.698,40;208.652,20;219.752,90;210.132,60;188.965,30;220.798,00;234.792,90;236.244,40;205.767,70;250.053,90;257.124,90;269.752,60;248.154,90;282.009,70;275.052,70;292.638,30;256.572,90;293.407,70;316.720,00;359.895,80;309.719,50;334.014,60;356.662,60;354.772,70;274.781,00;320.417,90;346.871,90;374.056,10;317.933,20;373.250,30;365.128,00;344.167,90;272.371,90;329.299,00;357.300,40;386.013,60;319.462,10;379.407,90;407.424,90;411.293,00;356.771,90;365.132,20;378.226,30;395.117,90;343.116,90;390.542,40;411.201,20;359.141,40;84.702,00;135.579,10;180.165,30;242.619,90;180.584,60;290.671,50;405.129,80;400.164,60;346.582,90;413.238,10;445.318,50;472.881,90;430.577,10;452.377,90;440.690,10;370.028,90;429.722,20;497.644,40;559.988,00
H;551;Servicios de alojamiento en hoteles, campamentos y otros tipos de hospedaje temporal;59.317,60;52.094,90;56.379,20;59.715,70;64.834,20;57.365,00;65.611,50;67.222,90;70.102,80;69.286,80;88.252,30;98.475,90;98.602,10;89.485,70;103.264,30;94.109,80;106.901,00;89.351,50;117.304,70;105.700,10;107.463,70;93.842,80;117.855,60;114.183,50;128.627,60;103.540,10;131.920,00;119.904,50;135.236,20;119.064,70;136.755,10;115.690,60;146.466,20;117.918,10;137.141,90;132.289,60;175.243,10;136.429,30;145.871,90;131.488,50;158.086,40;107.656,80;126.712,50;117.267,80;154.061,40;125.563,20;151.736,20;130.088,30;149.273,80;107.185,30;135.824,70;129.474,60;168.452,60;125.925,70;153.141,20;145.354,70;172.145,90;134.263,30;139.008,10;130.561,90;140.512,50;115.511,70;137.860,50;127.883,80;144.223,30;12.784,30;22.759,50;37.708,80;79.142,00;45.497,90;94.063,70;140.130,20;150.282,50;118.861,40;157.040,50;146.408,80;175.399,30;157.166,10;149.792,60;135.710,90;127.295,20;132.801,50;153.521,70;153.012,60
H;552;Servicios de expendio de comidas y bebidas;66.801,50;61.320,80;64.869,20;79.624,60;75.776,30;69.368,10;75.229,30;92.424,50;86.220,60;85.076,50;96.920,40;114.290,90;108.957,80;104.610,00;99.781,50;103.490,80;107.037,70;97.346,90;91.347,50;114.052,80;102.668,80;95.122,50;102.942,40;120.609,40;107.616,80;102.227,60;118.133,80;137.220,40;134.516,30;129.090,20;145.254,60;159.362,10;146.172,00;138.654,80;156.265,80;184.430,40;184.652,70;173.290,30;188.142,70;225.174,00;196.686,30;167.124,10;193.705,40;229.604,10;219.994,70;192.370,00;221.514,20;235.039,80;194.894,00;165.186,60;193.474,30;227.825,90;217.561,10;193.536,40;226.266,70;262.070,20;239.147,10;222.508,60;226.124,10;247.664,40;254.605,40;227.605,20;252.681,90;283.317,30;214.918,10;71.917,70;112.819,60;142.456,50;163.477,90;135.086,70;196.607,80;264.999,60;249.882,10;227.721,50;256.197,60;298.909,70;297.482,60;273.410,90;302.585,30;304.979,20;242.733,70;296.920,60;344.122,70;406.975,40
I;;Transporte y comunicaciones;288.946,10;282.580,10;302.834,30;298.815,60;295.776,50;309.322,60;313.907,80;316.824,90;316.940,10;324.076,20;345.172,60;346.853,20;337.755,50;365.362,20;387.399,50;409.303,70;375.487,60;397.636,90;421.705,10;426.697,00;368.354,00;378.085,90;400.922,60;359.982,20;382.830,60;412.873,90;442.685,70;423.558,70;406.026,80;429.629,80;434.822,00;436.003,50;430.635,90;463.680,00;488.293,40;471.165,10;464.726,20;469.137,10;492.611,70;477.173,20;458.493,10;473.966,90;497.151,90;492.505,00;447.898,40;474.971,20;491.695,00;482.896,80;481.440,00;537.459,70;570.372,10;582.267,50;564.863,10;560.570,50;581.716,10;573.937,00;539.281,70;581.039,30;594.521,10;604.380,20;596.375,90;620.557,30;658.367,20;626.434,80;524.579,40;401.980,20;463.498,50;497.279,50;497.471,30;606.585,60;647.665,30;748.812,80;664.197,60;765.811,50;810.177,70;763.645,80;765.449,20;851.680,50;811.228,20;716.267,40;627.753,20;755.533,20;820.889,50;835.006,80
I;60,62,63;Transporte;181.098,70;176.430,00;193.042,10;188.859,60;185.311,70;194.290,70;195.855,20;194.742,80;192.822,70;198.662,40;213.101,80;208.719,60;196.641,30;217.145,10;236.568,70;253.002,00;220.521,00;235.230,80;255.197,20;258.008,10;205.388,30;212.875,40;223.620,60;185.553,20;208.437,60;239.228,90;270.410,50;251.426,50;234.223,10;259.541,90;263.913,60;263.635,80;254.652,80;285.705,30;304.712,00;283.926,10;275.147,00;276.321,80;296.973,80;280.053,70;265.374,00;252.715,00;271.274,70;265.449,10;216.863,90;242.546,10;254.684,10;247.801,10;254.882,50;308.915,30;342.459,00;355.080,50;337.730,20;331.995,30;353.222,80;334.495,30;302.799,50;350.317,40;368.395,80;375.754,80;371.084,90;394.106,90;430.222,60;399.948,20;299.851,30;179.908,70;235.446,70;272.440,70;278.994,60;363.073,50;426.423,30;503.189,70;410.888,60;526.728,10;563.039,40;535.386,80;513.485,30;611.304,10;573.287,50;508.657,10;393.880,80;538.736,30;600.378,70;633.762,10
I;64;Comunicaciones;107.847,40;106.150,10;109.792,20;109.956,10;110.464,80;115.031,90;118.052,60;122.082,10;124.117,40;125.413,80;132.070,90;138.133,60;141.114,30;148.217,10;150.830,80;156.301,70;154.966,60;162.406,10;166.507,90;168.688,90;162.965,70;165.210,50;177.302,00;174.429,00;174.393,00;173.645,00;172.275,20;172.132,10;171.803,70;170.088,00;170.908,40;172.367,60;175.983,10;177.974,70;183.581,40;187.239,00;189.579,20;192.815,30;195.637,90;197.119,50;193.119,10;221.251,90;225.877,20;227.055,90;231.034,50;232.425,10;237.010,90;235.095,70;226.557,40;228.544,40;227.913,10;227.187,00;227.132,80;228.575,20;228.493,30;239.441,80;236.482,20;230.721,80;226.125,30;228.625,40;225.291,00;226.450,50;228.144,70;226.486,50;224.728,10;222.071,50;228.051,80;224.838,80;218.476,70;243.512,10;221.242,00;245.623,10;253.309,00;239.083,40;247.138,30;228.259,10;251.963,90;240.376,40;237.940,70;207.610,30;233.872,50;216.796,90;220.510,80;201.244,70
J;;Intermediación financiera;74.128,20;81.731,80;86.497,70;87.236,00;91.499,90;90.854,10;90.085,00;90.233,20;89.630,20;93.629,20;99.773,70;108.311,20;106.088,30;109.401,70;104.711,10;114.128,30;113.142,90;111.172,20;109.707,60;109.750,60;103.395,70;103.086,60;102.004,30;106.198,90;99.745,50;107.236,50;114.660,90;122.138,70;128.377,10;135.171,90;137.931,50;138.970,50;140.715,30;139.499,70;143.311,80;149.688,60;151.496,70;151.502,00;150.717,60;149.213,10;141.268,10;142.998,50;143.535,10;144.027,10;147.002,40;150.729,50;157.453,40;159.824,10;160.505,00;154.567,40;169.286,10;171.026,90;182.430,00;180.871,00;187.255,60;185.642,40;194.158,50;192.551,10;196.404,60;188.627,90;185.735,60;180.311,60;177.489,70;157.716,90;155.773,00;153.160,50;162.616,10;161.951,00;152.967,30;148.606,90;151.429,80;152.564,60;155.753,00;152.618,70;149.236,40;147.671,30;149.583,10;140.536,10;141.544,30;133.550,80;120.756,90;133.656,40;143.561,70;151.040,90
J;65;Intermediación financiera y otros servicios financieros;49.967,70;57.676,80;61.808,90;61.198,20;62.070,10;62.404,00;60.245,00;59.045,20;60.987,00;66.189,70;70.428,60;77.315,20;74.484,60;78.991,80;73.316,50;82.109,30;78.006,80;76.030,40;73.432,70;73.901,00;66.140,40;65.033,80;63.495,50;67.696,90;62.029,10;69.883,20;77.142,00;83.352,60;85.296,50;92.868,10;93.295,90;94.217,00;90.062,50;90.153,20;90.218,00;95.905,70;95.932,60;96.340,10;93.342,00;91.012,40;82.825,30;85.563,00;84.386,70;84.975,40;87.851,60;93.182,60;97.206,10;97.823,20;95.835,70;93.792,00;106.300,00;107.314,70;117.831,20;118.534,30;121.994,80;118.603,70;124.074,60;123.916,10;126.073,80;118.231,20;118.229,30;115.432,90;109.629,10;87.798,50;84.182,30;85.492,50;91.610,50;86.267,60;81.582,50;81.398,30;80.492,80;80.047,50;81.426,90;81.503,40;78.276,70;76.424,40;72.798,40;68.625,80;64.751,60;55.559,70;46.048,10;62.807,70;68.724,30;73.977,60
J;66;Servicios de seguros;18.143,20;18.029,20;18.430,70;19.199,10;22.664,70;21.490,80;22.113,30;23.385,50;21.335,60;20.820,10;22.024,70;23.482,10;23.825,70;22.492,00;23.141,80;23.664,50;25.970,50;25.492,00;25.444,20;25.332,50;26.618,50;27.435,80;27.532,30;27.889,90;27.641,60;26.946,50;26.644,80;27.776,30;31.193,10;30.421,20;31.482,50;32.112,50;36.522,70;35.832,10;38.114,80;38.920,40;40.148,00;39.898,10;41.350,10;42.315,80;43.436,80;42.599,40;43.720,50;44.274,20;44.611,70;42.567,20;44.224,20;45.647,30;49.065,50;45.550,60;47.175,00;48.007,60;48.878,50;46.030,10;47.912,90;49.002,60;52.405,50;50.299,50;52.001,60;53.350,30;52.392,30;49.551,10;50.781,80;52.406,30;53.796,50;50.010,80;51.871,30;53.968,90;51.611,60;48.352,00;50.596,90;51.646,40;53.269,30;49.087,10;49.572,90;50.312,20;54.830,60;49.226,80;51.547,30;51.841,90;51.598,60;47.229,60;46.774,60;47.667,40
J;67;Servicios auxiliares a la actividad financiera;6.017,20;6.025,80;6.258,10;6.838,70;6.765,00;6.959,30;7.726,70;7.802,50;7.307,50;6.619,30;7.320,40;7.514,00;7.778,10;7.918,00;8.252,80;8.354,50;9.165,50;9.649,90;10.830,70;10.517,00;10.636,70;10.617,00;10.976,50;10.612,10;10.074,80;10.406,70;10.874,20;11.009,80;11.887,50;11.882,60;13.153,10;12.641,00;14.130,10;13.514,30;14.978,90;14.862,40;15.416,20;15.263,80;16.025,50;15.884,90;15.006,00;14.836,10;15.427,90;14.777,50;14.539,10;14.979,70;16.023,20;16.353,60;15.603,80;15.224,80;15.811,10;15.704,50;15.720,20;16.306,70;17.347,90;18.036,10;17.678,40;18.335,50;18.329,20;17.046,40;15.114,00;15.327,60;17.078,80;17.512,00;17.794,20;17.657,10;19.134,30;21.714,60;19.773,20;18.856,60;20.340,10;20.870,70;21.056,90;22.028,20;21.386,80;20.934,70;21.954,20;22.683,50;25.245,40;26.149,30;23.110,30;23.619,10;28.062,80;29.395,90
K;;Actividades inmobiliarias, empresariales y de alquier;612.641,70;623.922,60;651.912,20;672.481,10;698.117,50;718.465,40;758.182,90;796.104,30;761.323,40;767.286,70;783.938,70;799.955,30;791.630,90;801.401,60;858.793,90;867.608,40;864.779,90;882.596,40;878.832,00;883.330,50;863.496,60;850.930,10;916.008,20;905.912,30;900.332,20;935.218,00;933.101,60;991.770,50;977.561,00;994.642,50;1.001.106,20;1.047.327,30;992.975,20;989.535,70;1.000.179,90;1.016.124,00;1.031.970,50;1.028.977,30;1.077.838,80;1.025.630,70;1.022.419,90;1.027.041,00;1.039.070,50;1.039.882,60;1.065.671,00;1.062.991,20;1.157.145,80;1.177.219,10;1.121.095,00;1.095.026,30;1.105.574,60;1.116.969,30;1.126.988,30;1.117.852,60;1.125.015,70;1.137.259,40;1.130.666,10;1.127.350,20;1.115.247,10;1.106.844,60;1.123.203,10;1.131.109,00;1.124.001,10;1.129.712,70;1.137.131,50;1.107.980,70;1.100.890,30;1.107.817,10;1.099.869,50;1.099.677,80;1.115.814,30;1.107.428,70;1.153.258,30;1.162.945,70;1.173.213,70;1.195.386,50;1.191.748,60;1.224.189,40;1.198.898,70;1.263.932,50;1.194.842,60;1.210.257,80;1.166.544,40;1.228.584,00
K;70;Propiedad de la vivienda;326.795,00;329.715,30;332.623,10;335.518,50;338.401,40;341.287,40;344.176,10;347.067,70;349.962,30;352.856,60;355.750,60;358.644,30;361.537,90;364.429,60;367.319,50;370.207,50;373.093,90;375.988,30;378.891,20;381.802,30;384.721,80;387.606,50;390.456,60;393.271,90;396.052,40;398.977,50;402.046,90;405.260,80;408.619,10;411.942,70;415.231,50;418.485,60;421.705,00;424.932,90;428.169,00;431.413,40;434.666,20;437.916,90;441.165,70;444.412,50;447.657,30;450.902,60;454.148,30;457.394,50;460.641,10;463.887,70;467.134,40;470.380,70;473.627,20;476.873,40;480.119,50;483.365,30;486.611,10;489.857,60;493.104,90;496.353,10;499.602,00;502.847,50;506.089,80;509.328,60;512.564,20;515.813,50;519.077,00;522.354,60;525.645,90;528.879,20;532.054,20;535.171,20;538.229,90;541.530,60;545.073,30;548.858,10;552.884,90;555.905,00;557.918,30;558.925,00;565.870,10;568.890,20;570.903,70;571.910,30;578.855,60;581.875,60;583.888,90;584.895,60
K;71,72,73,74;Resto;285.846,70;294.207,30;319.289,00;336.962,60;359.716,10;377.178,00;414.006,80;449.036,60;411.361,10;414.430,20;428.188,10;441.311,00;430.093,00;436.971,90;491.474,40;497.400,90;491.686,00;506.608,10;499.940,80;501.528,20;478.774,80;463.323,60;525.551,60;512.640,40;504.279,80;536.240,40;531.054,80;586.509,70;568.941,90;582.699,80;585.874,70;628.841,70;571.270,20;564.602,90;572.011,00;584.710,60;597.304,30;591.060,40;636.673,10;581.218,20;574.762,60;576.138,30;584.922,20;582.488,10;605.029,90;599.103,50;690.011,40;706.838,40;647.467,70;618.152,80;625.455,10;633.604,00;640.377,10;627.995,00;631.910,70;640.906,30;631.064,10;624.502,60;609.157,30;597.516,00;610.638,90;615.295,40;604.924,10;607.358,20;611.485,60;579.101,60;568.836,10;572.646,00;561.639,60;558.147,30;570.741,00;558.570,60;600.373,40;607.040,70;615.295,40;636.461,40;625.878,40;655.299,20;627.995,00;692.022,20;615.987,10;628.382,10;582.655,40;643.688,40
L;;Administración gubernamental;430.296,50;425.981,20;439.600,90;453.835,00;465.041,90;488.317,80;516.830,50;526.575,80;526.308,30;522.473,60;541.394,50;547.448,80;551.065,50;537.237,70;563.907,40;564.734,80;574.133,30;580.247,10;589.284,00;607.209,10;607.526,10;603.622,10;605.157,90;618.653,80;616.899,90;614.155,20;610.508,70;617.657,90;629.672,40;630.762,40;646.101,30;655.395,80;653.453,60;657.323,00;658.541,80;684.185,90;685.161,90;693.534,90;714.556,50;733.259,50;722.647,10;729.092,80;741.820,70;758.056,40;747.840,30;751.526,40;750.451,30;766.161,80;762.832,40;767.464,80;779.736,90;789.140,40;789.289,00;791.345,10;803.374,50;816.067,70;803.845,10;811.019,10;816.855,40;825.931,90;824.212,80;827.770,00;829.345,50;837.381,60;827.215,10;832.729,40;828.949,20;833.071,30;826.610,70;830.995,40;871.562,20;867.019,00;855.073,90;861.296,60;850.030,30;863.397,30;861.702,90;867.905,80;885.199,80;894.311,70;868.288,50;843.201,20;862.719,50;881.424,50
M;;Enseñanza;343.101,90;378.478,90;381.425,70;384.025,80;389.902,50;457.413,80;480.761,60;470.109,50;460.587,40;478.955,50;507.090,60;497.537,00;456.625,90;491.893,40;526.643,90;504.139,50;475.908,80;531.563,10;528.743,80;527.610,70;498.114,20;528.093,00;551.613,20;554.537,50;537.045,80;551.802,40;512.670,90;519.556,00;519.086,70;532.991,70;519.178,20;524.577,10;517.190,80;528.118,10;526.969,10;524.581,70;516.354,60;527.149,00;541.945,00;553.642,00;541.288,50;525.414,70;527.873,40;547.092,40;531.464,30;541.390,50;541.502,10;542.164,40;528.166,40;546.390,50;555.640,00;561.542,60;546.861,40;563.669,10;560.539,80;567.075,50;552.771,20;570.718,50;571.760,10;574.014,90;553.422,70;564.798,50;582.527,80;580.258,70;553.735,30;529.289,60;495.628,20;477.205,90;475.792,60;520.627,30;554.281,70;574.774,90;560.285,10;578.827,60;588.996,40;569.829,50;538.221,70;553.093,30;554.202,60;551.214,10;514.135,50;485.295,00;485.328,10;490.624,40
M;80;Enseñanza privada;44.380,30;47.988,90;48.096,60;48.222,30;45.008,70;48.922,50;48.958,40;48.725,00;46.678,30;49.748,30;49.622,60;49.263,60;45.547,30;48.994,30;49.119,90;50.179,20;46.857,80;51.920,60;52.261,80;52.656,70;49.389,20;52.800,40;52.800,40;53.015,80;51.256,40;53.805,70;53.787,80;54.847,00;52.979,90;55.242,00;55.242,00;55.726,70;53.680,10;56.480,80;55.331,80;54.541,80;52.800,40;54.990,60;54.505,90;55.098,40;53.285,10;56.911,60;58.814,70;60.825,40;58.707,00;64.075,00;65.888,20;65.170,10;62.189,90;65.367,60;65.457,40;66.211,40;64.900,80;69.101,90;69.784,10;70.250,90;68.258,10;73.320,90;73.841,50;74.559,60;71.974,40;75.744,50;77.073,10;76.714,00;74.092,80;75.259,80;73.662,00;73.177,20;71.381,90;75.870,20;76.193,40;76.552,40;74.990,50;77.288,50;77.611,70;77.719,40;75.943,80;79.007,50;79.691,40;79.802,50;76.636,80;79.043,60;79.780,00;80.240,90
M;80;Enseñanza pública;298.721,60;330.490,00;333.329,10;335.803,50;344.893,80;408.491,30;431.803,20;421.384,50;413.909,10;429.207,20;457.467,90;448.273,40;411.078,70;442.899,10;477.523,90;453.960,30;429.050,90;479.642,40;476.482,10;474.954,00;448.724,90;475.292,60;498.812,80;501.521,70;485.789,40;497.996,70;458.883,10;464.708,90;466.106,80;477.749,70;463.936,20;468.850,40;463.510,80;471.637,40;471.637,40;470.039,80;463.554,20;472.158,30;487.439,10;498.543,70;488.003,40;468.503,10;469.058,70;486.267,00;472.757,40;477.315,60;475.613,80;476.994,30;465.976,50;481.022,90;490.182,70;495.331,20;481.960,60;494.567,20;490.755,70;496.824,60;484.513,20;497.397,60;497.918,60;499.455,30;481.448,30;489.054,00;505.454,80;503.544,70;479.642,40;454.029,80;421.966,20;404.028,70;404.410,70;444.757,10;478.088,30;498.222,40;485.294,60;501.539,10;511.384,70;492.110,10;462.277,90;474.085,80;474.511,20;471.411,60;437.498,80;406.251,30;405.548,10;410.383,40
N;N;Servicios sociales y de salud;182.080,10;187.378,10;189.277,30;194.090,40;196.709,60;200.742,30;208.076,00;220.229,50;219.462,80;219.442,00;222.133,50;223.940,20;229.763,40;229.987,80;231.645,40;230.768,80;227.618,30;226.716,90;226.888,40;233.669,80;236.970,00;240.184,60;242.322,60;253.333,20;253.552,40;250.524,70;254.613,90;259.768,40;252.877,30;255.822,60;257.900,70;261.790,00;260.210,20;263.215,50;261.841,80;267.891,50;268.122,00;266.553,50;273.783,80;275.979,00;287.287,00;288.057,90;287.451,40;289.707,00;292.385,40;291.988,00;292.978,20;294.642,90;298.274,10;299.113,00;299.850,90;302.810,40;307.449,20;310.705,30;308.467,20;308.654,00;311.558,70;312.611,90;313.284,90;313.287,40;315.228,50;311.704,50;312.942,30;314.795,60;316.622,30;318.294,30;313.476,90;311.899,50;314.680,20;314.826,50;313.254,60;313.660,50;310.467,40;311.906,70;312.296,80;312.369,40;309.051,30;309.967,40;313.713,40;310.106,00;307.343,50;304.345,30;306.197,30;303.969,30
N;85;Salud privada;111.480,80;113.426,90;114.191,40;116.693,50;116.346,00;119.056,50;121.419,60;122.601,10;121.558,60;120.377,10;121.975,60;122.392,60;126.284,70;126.701,70;127.188,20;124.547,20;122.323,10;120.516,10;121.489,10;124.616,70;127.188,20;130.454,80;133.165,40;136.988,00;138.586,50;140.810,60;141.922,60;148.872,80;138.447,50;138.030,50;140.046,10;142.061,60;143.729,70;144.007,70;145.397,70;149.984,80;149.845,80;149.776,30;154.919,40;154.085,40;164.232,70;165.831,20;166.317,70;168.750,30;170.835,40;170.765,80;172.781,40;174.518,90;176.812,50;178.619,50;180.148,60;182.233,60;183.067,70;183.971,20;183.971,20;183.554,20;187.307,30;189.739,80;190.782,40;190.087,30;192.241,90;189.670,30;192.589,40;193.979,40;196.134,00;198.149,50;193.909,90;192.519,90;192.172,40;191.407,90;187.863,30;186.681,80;182.650,70;183.345,70;184.318,70;185.291,70;180.831,70;181.775,40;185.356,40;181.858,00;179.269,50;177.148,80;178.792,40;175.983,40
N;85;Salud pública;70.599,30;73.951,20;75.085,90;77.396,90;80.363,70;81.685,70;86.656,40;97.628,30;97.904,20;99.064,90;100.157,90;101.547,60;103.478,60;103.286,10;104.457,20;106.221,60;105.295,20;106.200,80;105.399,30;109.053,10;109.781,80;109.729,70;109.157,20;116.345,20;114.965,90;109.714,10;112.691,30;110.895,60;114.429,80;117.792,10;117.854,60;119.728,30;116.480,50;119.207,90;116.444,10;117.906,60;118.276,20;116.777,20;118.864,30;121.893,60;123.054,30;122.226,70;121.133,70;120.956,70;121.550,10;121.222,20;120.196,80;120.123,90;121.461,60;120.493,50;119.702,30;120.576,70;124.381,50;126.734,10;124.496,00;125.099,80;124.251,40;122.872,10;122.502,60;123.200,00;122.986,60;122.034,10;120.352,90;120.816,20;120.488,30;120.144,70;119.567,00;119.379,60;122.507,80;123.418,60;125.391,30;126.978,80;127.816,80;128.561,10;127.978,10;127.077,70;128.219,60;128.192,00;128.357,10;128.248,00;128.074,00;127.196,40;127.404,90;127.985,90
O;O;Servicios comunitarios, sociales y personales;118.918,70;117.924,00;122.208,60;127.644,10;130.808,10;135.854,30;124.343,80;130.568,10;129.266,90;131.485,80;134.367,50;141.818,50;139.070,20;144.075,10;143.556,70;149.095,20;149.927,80;146.381,90;146.030,80;154.255,70;150.647,00;151.306,70;153.595,20;164.447,80;169.518,50;161.937,60;158.869,50;163.717,30;166.175,60;172.047,10;173.476,70;178.641,50;181.376,30;179.733,10;180.505,10;188.255,60;187.163,30;182.880,80;180.164,80;188.052,00;186.598,60;175.599,30;173.947,30;177.269,20;169.140,30;166.396,70;168.576,10;175.086,10;180.611,80;194.067,80;183.047,10;189.300,90;185.198,50;180.561,40;184.761,40;183.404,10;185.768,60;184.037,70;189.316,80;193.454,80;182.734,00;177.383,70;174.795,40;181.659,20;170.575,00;163.147,40;159.962,20;162.997,90;162.286,10;158.786,10;158.330,20;161.913,40;163.459,50;162.632,90;165.136,20;170.022,40;168.853,80;169.525,70;167.282,70;169.043,20;155.571,70;159.055,50;149.983,70;153.966,50
O;90;Eliminación de desperdicios y aguas residuales, saneamiento y servicios similares;18.861,00;14.866,90;16.198,30;15.976,40;18.195,40;16.864,00;2.662,70;2.440,80;2.440,80;2.662,70;2.662,70;2.662,70;2.218,90;1.775,20;1.775,20;3.328,40;4.216,00;1.997,10;2.218,90;2.218,90;1.997,10;1.553,30;1.331,40;1.553,30;1.997,10;2.662,70;2.440,80;2.440,80;3.106,50;3.994,10;3.772,20;3.994,10;3.772,20;3.772,20;3.772,20;3.772,20;3.772,20;3.106,50;3.550,30;3.550,30;3.106,50;3.106,50;3.106,50;2.884,60;2.884,60;3.106,50;2.884,60;2.884,60;2.884,60;2.884,60;3.328,40;3.106,50;3.106,50;2.884,60;3.328,40;3.106,50;2.440,80;3.106,50;2.662,70;2.662,70;2.884,60;2.884,60;2.884,60;5.769,30;3.550,30;2.884,60;3.106,50;3.328,40;3.106,50;3.106,50;5.103,60;5.547,40;6.656,80;6.213,00;5.769,30;6.434,90;6.656,80;7.322,50;6.398,60;6.656,80;8.908,40;10.506,20;8.958,10;8.875,80
O;91;Servicios de asociaciones;6.867,70;7.564,80;6.671,50;8.034,70;7.492,50;7.838,50;7.234,30;8.551,10;8.158,60;7.786,90;7.704,20;9.139,70;8.422,00;8.933,20;8.437,50;9.547,70;8.690,50;9.356,60;8.318,70;9.795,50;8.798,90;10.487,50;9.098,40;10.590,70;9.098,40;10.833,40;9.351,50;10.492,60;9.232,70;10.750,80;9.780,00;10.322,20;10.188,00;9.718,10;9.449,60;10.978,00;9.935,00;10.379,00;9.372,10;11.034,80;9.950,40;10.523,60;9.465,10;11.339,50;10.399,70;11.184,60;11.344,60;11.411,80;11.478,90;11.324,00;11.478,90;11.546,00;11.509,90;11.386,00;11.540,90;11.675,10;11.122,60;11.324,00;10.048,60;11.380,80;10.311,90;10.926,40;9.795,50;11.132,90;10.177,60;10.601,10;9.532,20;10.947,00;10.146,70;10.642,40;9.940,10;11.380,80;10.562,60;11.274,70;10.387,20;11.651,40;10.624,50;11.217,90;10.327,70;11.591,60;10.588,70;11.095,70;10.075,50;10.205,20
O;92;Servicios culturales y deportivos;78.239,30;79.838,00;82.336,10;85.633,50;84.834,10;88.931,00;91.229,20;95.625,80;95.625,80;98.023,90;101.721,00;106.417,40;104.918,50;109.914,70;110.214,40;113.411,90;113.012,30;110.814,00;111.513,40;118.408,10;116.809,30;117.308,90;122.205,10;130.698,50;136.993,60;126.601,70;125.002,90;127.800,80;129.299,60;129.599,40;130.198,90;133.896,00;136.693,90;141.090,50;142.189,60;147.385,60;146.486,30;142.689,20;139.891,40;146.086,60;145.487,00;134.295,70;129.099,80;130.798,40;123.404,20;119.507,20;120.106,70;126.901,50;131.597,80;144.387,90;135.494,80;140.291,10;136.693,90;132.197,40;135.095,10;133.796,10;136.294,20;133.696,20;142.189,60;145.786,80;136.294,20;130.798,40;129.399,50;133.096,70;125.802,30;119.906,90;118.008,40;119.407,30;119.307,40;115.810,10;114.411,20;116.109,80;116.941,70;115.934,50;117.344,60;119.862,80;119.762,00;119.963,50;119.067,50;119.862,80;105.697,00;108.728,20;103.093,10;109.147,50
O;93;Servicios n.c.p.;14.950,70;15.654,30;17.002,80;17.999,50;20.286,10;22.220,90;23.217,60;23.950,40;23.041,70;23.012,40;22.279,50;23.598,70;23.510,70;23.452,10;23.129,60;22.807,20;24.009,10;24.214,30;23.979,80;23.833,20;23.041,70;21.957,00;20.960,30;21.605,20;21.429,30;21.839,80;22.074,30;22.983,00;24.536,70;27.702,80;29.725,50;30.429,10;30.722,20;25.152,40;25.093,70;26.119,80;26.969,90;26.706,10;27.351,00;27.380,30;28.054,60;27.673,50;32.275,90;32.246,60;32.451,80;32.598,40;34.240,00;33.888,30;34.650,50;35.471,30;32.745,00;34.357,30;33.888,30;34.093,50;34.797,00;34.826,30;35.911,00;35.911,00;34.415,90;33.624,40;33.243,30;32.774,30;32.715,70;31.660,30;31.044,70;29.754,80;29.315,10;29.315,10;29.725,50;29.227,20;28.875,40;28.875,40;29.298,30;29.210,70;31.635,20;32.073,30;31.810,40;31.021,80;31.488,90;30.932,00;30.377,50;28.725,30;27.857,10;25.737,90
P;P;Servicio doméstico;46.875,30;49.169,00;48.630,10;50.696,20;52.604,50;52.082,10;52.463,10;54.153,40;56.262,30;55.382,50;57.602,30;61.068,30;57.942,00;51.271,00;51.742,60;52.213,80;58.690,00;51.649,90;66.818,00;72.330,20;71.274,50;64.874,90;63.858,90;72.369,20;83.094,80;68.177,20;67.877,00;77.356,30;77.801,10;68.059,60;70.067,50;72.869,70;82.913,20;83.170,80;78.725,60;66.404,30;89.044,30;82.124,80;68.917,30;70.016,50;65.205,90;54.539,10;82.390,50;76.445,60;61.996,90;60.927,20;59.856,20;58.785,10;57.714,00;56.642,80;83.377,60;84.967,20;65.684,40;57.653,30;63.172,90;79.808,30;75.925,60;66.706,80;72.013,50;86.113,60;77.816,40;77.556,50;67.067,30;81.622,80;84.950,60;34.334,70;46.892,10;61.351,50;53.360,40;65.398,00;66.163,40;69.525,60;62.819,00;58.862,80;61.694,40;67.439,80;52.764,10;51.794,90;65.555,90;78.074,90;66.596,10;56.072,60;69.667,40;72.796,40
;;;;;;;;;;;;;;;;;;;;;;;;;;;;;;;;;;;;;;;;;;;;;;;;;;;;;;;;;;;;;;;;;;;;;;;;;;;;;;;;;;;;;;
;;;;;;;;;;;;;;;;;;;;;;;;;;;;;;;;;;;;;;;;;;;;;;;;;;;;;;;;;;;;;;;;;;;;;;;;;;;;;;;;;;;;;;
* Datos proviosorios;;;;;;;;;;;;;;;;;;;;;;;;;;;;;;;;;;;;;;;;;;;;;;;;;;;;;;;;;;;;;;;;;;;;;;;;;;;;;;;;;;;;;;
